<?xml version="1.0" encoding="UTF-8"?>
<project-private xmlns="http://www.netbeans.org/ns/project-private/1">
    <editor-bookmarks xmlns="http://www.netbeans.org/ns/editor-bookmarks/2" lastBookmarkId="0"/>
    <open-files xmlns="http://www.netbeans.org/ns/projectui-open-files/2">
        <group name="At Home"/>
        <group name="SWIC Lectures">
            <file>file:/D:/Documents/Academia/SWIC/CIS287/Lecture%20workspace/Projects/28%20-%20Networking/src/remijan/m/class2/lecture/Ex01_EchoClient.java</file>
            <file>file:/D:/Documents/Academia/SWIC/CIS287/Lecture%20workspace/Projects/28%20-%20Networking/src/remijan/m/class2/lecture/Ex01_EchoServer.java</file>
            <file>file:/D:/Documents/Academia/SWIC/CIS287/Lecture%20workspace/Projects/28%20-%20Networking/src/remijan/m/class2/lecture/Ex01_SocketRunnable.java</file>
        </group>
    </open-files>
</project-private>
